name,email,age
User1,perryeugene@avila-fischer.com,49
User2,joshuaallen@gmail.com,41
User3,mckayrichard@ross.com,47
User4,robertsvanessa@hotmail.com,46
User5,joseph29@weiss.org,49
User6,leonryan@gmail.com,19
User7,alvinfisher@greene.com,48
User8,timothy81@gmail.com,18
User9,lturner@thompson-gallegos.com,69
User10,kimberly17@yahoo.com,19
User11,carriepeterson@hotmail.com,38
User12,whall@johnson.com,67
User13,crystaltorres@fletcher.com,64
User14,harrisontimothy@hall.net,59
User15,michelle83@yahoo.com,40
User16,raymondmorrison@hotmail.com,19
User17,jaguirre@smith-davis.com,69
User18,qlester@hotmail.com,63
User19,ricardo84@hotmail.com,49
User20,justinhayden@hotmail.com,39
User21,fmiller@wright.net,32
User22,alan54@gordon-erickson.biz,35
User23,christopher19@campbell.biz,21
User24,nkirk@henderson.com,28
User25,dlara@hotmail.com,53
User26,royjohn@gmail.com,44
User27,reyesjulie@gmail.com,50
User28,andrewjackson@gmail.com,22
User29,nperez@williams.com,50
User30,rachelphelps@cline.org,36
User31,jocelynhobbs@gmail.com,62
User32,mhart@davis-johnson.com,20
User33,bstrickland@spencer.com,57
User34,inichols@gmail.com,41
User35,lisa69@gates.biz,22
User36,ipatrick@holloway.com,37
User37,ebonylucas@hotmail.com,50
User38,hannahmccarthy@mercer-lee.com,66
User39,samuelcummings@romero.org,70
User40,patriciaedwards@gmail.com,21
User41,elizabethmoore@yahoo.com,48
User42,rwilkinson@aguilar.biz,48
User43,davidbaker@roberts.org,64
User44,smithjill@yahoo.com,58
User45,higginsedward@yahoo.com,58
User46,megan48@fitzgerald-jennings.org,70
User47,holtjoseph@smith.com,43
User48,evanchang@gmail.com,59
User49,heather47@hotmail.com,38
User50,michelle85@cox.org,41
User51,bowendebra@martinez.info,59
User52,zmckinney@gmail.com,60
User53,maustin@hotmail.com,19
User54,davidwalker@castro.com,67
User55,carolscott@hotmail.com,40
User56,jsmith@garcia.com,58
User57,luislevy@gmail.com,21
User58,michaelvalencia@white.org,41
User59,jessicaestrada@gmail.com,68
User60,jennifercarter@yahoo.com,43
User61,eric04@castaneda.com,56
User62,aclark@kim-nelson.com,26
User63,watkinssusan@hotmail.com,63
User64,valexander@gmail.com,58
User65,steven36@hotmail.com,51
User66,lcalhoun@henderson.com,45
User67,brianhorton@gmail.com,35
User68,perrybryan@santos.com,48
User69,wdean@gmail.com,27
User70,william62@yahoo.com,46
User71,alexhurst@yahoo.com,63
User72,holdenbrianna@davis.com,38
User73,ehart@king.com,19
User74,ilee@hotmail.com,64
User75,johnsonmary@rush.com,55
User76,amatthews@yahoo.com,38
User77,qmoore@yahoo.com,41
User78,jeffrey72@yahoo.com,64
User79,traci62@anderson.com,36
User80,brittneyharvey@shepherd.info,18
User81,veronica73@yahoo.com,32
User82,harringtonmary@yahoo.com,45
User83,martinezlaura@bradshaw.com,39
User84,leemiguel@yahoo.com,45
User85,warnold@hickman-gomez.com,37
User86,lebryan@stephenson-glass.com,60
User87,katrina44@gmail.com,42
User88,ashleytate@hotmail.com,43
User89,matthewgraham@yahoo.com,27
User90,lindsey55@gmail.com,47
User91,jfisher@yahoo.com,34
User92,omorrison@gmail.com,70
User93,stuartmichele@atkinson.com,48
User94,tiffanysullivan@yahoo.com,40
User95,taylor90@chapman.com,64
User96,jessica04@gmail.com,56
User97,brianawilliams@yahoo.com,60
User98,greeneallen@yahoo.com,64
User99,hurstregina@gmail.com,52
User100,xlane@yahoo.com,60
User101,sford@anderson.net,68
User102,lauren55@yahoo.com,55
User103,joeljensen@anderson.com,49
User104,escobaralison@robertson-burton.com,29
User105,michaelbryant@wright-watts.com,45
User106,obecker@hotmail.com,38
User107,jerry66@yahoo.com,24
User108,amandawalker@ramirez.net,37
User109,eric31@hudson.biz,41
User110,mhogan@good.com,69
User111,daniellesavage@gardner-white.org,46
User112,ryanhebert@gmail.com,34
User113,david68@pierce.com,68
User114,christinejames@hodge.net,37
User115,tiffanypugh@yahoo.com,23
User116,sarahsmith@gmail.com,26
User117,carlsonmatthew@yahoo.com,28
User118,shannonfields@yahoo.com,40
User119,lesliemay@hotmail.com,69
User120,briancoleman@yahoo.com,18
User121,heatherrivers@grant-blackburn.com,68
User122,madisonblake@hotmail.com,34
User123,mblair@hotmail.com,41
User124,hortonpamela@williams.com,53
User125,michael18@hotmail.com,68
User126,sierravaughan@hotmail.com,26
User127,houserobert@chapman.biz,50
User128,youngmatthew@yahoo.com,46
User129,saradavis@gmail.com,49
User130,ktorres@yahoo.com,21
User131,hyoder@hotmail.com,23
User132,thomas15@gmail.com,28
User133,tuckerstephanie@lopez.biz,25
User134,asanchez@yahoo.com,65
User135,qrobinson@leon.com,47
User136,emilystewart@gmail.com,60
User137,laurenjenkins@yahoo.com,70
User138,sandersphilip@nguyen.net,21
User139,taylor85@gmail.com,40
User140,christopherwelch@yahoo.com,25
User141,gary36@figueroa-tran.com,40
User142,josephhobbs@hotmail.com,42
User143,jeffery81@yahoo.com,40
User144,evaldez@gill.org,42
User145,jaredpena@hotmail.com,50
User146,imeyer@ramirez.biz,58
User147,caseybailey@hotmail.com,39
User148,james24@gmail.com,36
User149,crystalstanley@yahoo.com,63
User150,hillkristopher@parker-drake.org,34
User151,crystalcampbell@norman.biz,54
User152,charles89@walker.com,23
User153,kimberlysmith@elliott.com,18
User154,heather34@hotmail.com,65
User155,rodriguezwilliam@gonzales.org,21
User156,cruzbrittany@yahoo.com,19
User157,cody61@yahoo.com,51
User158,danny18@dunn.com,30
User159,krose@davis.com,59
User160,susan35@williams-ellis.com,68
User161,jonathan53@yahoo.com,25
User162,fischerkaren@king.com,41
User163,amyspears@williams.com,47
User164,fbaker@allen.com,23
User165,shannon13@yahoo.com,41
User166,saundersvincent@johnson.net,33
User167,jameshanson@yahoo.com,18
User168,bryandavis@hotmail.com,70
User169,johndavis@villanueva.com,53
User170,julie13@goodwin.info,40
User171,lisabecker@hotmail.com,18
User172,carlos53@neal-hudson.com,44
User173,lauren84@hotmail.com,34
User174,kjohnson@myers.com,33
User175,munozcody@strickland.biz,70
User176,sean52@garcia.net,36
User177,wongeddie@yahoo.com,69
User178,omarwilkins@yahoo.com,45
User179,mark30@yahoo.com,54
User180,josesmith@smith.biz,46
User181,hbooth@clarke.biz,47
User182,christinedaniel@yahoo.com,26
User183,michellesimpson@turner.org,54
User184,martinezmarissa@gmail.com,47
User185,qmitchell@wallace.net,51
User186,gbailey@gross.com,62
User187,ppeters@hotmail.com,24
User188,rrivera@hotmail.com,66
User189,robinsoncolleen@baker.com,69
User190,crawfordlevi@lane-rice.org,65
User191,randallsimon@farmer.info,47
User192,hannahjohnson@yahoo.com,18
User193,kenneth31@santana-morgan.com,30
User194,williamsmith@yahoo.com,47
User195,ahall@gmail.com,21
User196,bryantallison@callahan.com,64
User197,riveramia@austin.com,34
User198,bennettkenneth@molina.net,70
User199,alexis30@yahoo.com,46
User200,kristaarmstrong@ayers.com,53
User201,mcphersonian@hotmail.com,58
User202,williamsjennifer@hotmail.com,48
User203,lmassey@riley.com,52
User204,william10@yahoo.com,67
User205,hooperjulie@jacobs.org,18
User206,ericawood@yahoo.com,51
User207,jamesmurray@gmail.com,32
User208,jillhudson@stephens.com,47
User209,dbruce@poole-rogers.com,38
User210,kingricky@hotmail.com,39
User211,davisbrian@barry.com,53
User212,david33@crawford.info,70
User213,jennifer02@yahoo.com,27
User214,lmorris@dickson.com,68
User215,alecwise@gomez.com,49
User216,petersonmichele@yahoo.com,67
User217,davisrichard@miles.net,31
User218,dawnburton@gmail.com,21
User219,floreswilliam@davis.org,52
User220,deannawhite@allen-andrade.biz,29
User221,valeriekoch@stone-garner.com,36
User222,yorktimothy@gmail.com,66
User223,sanderssarah@orr-lee.com,62
User224,batesanita@yahoo.com,38
User225,zcross@terrell.biz,27
User226,hilljoe@thomas.com,33
User227,kellyshawn@wright-flores.biz,19
User228,blakemoore@yahoo.com,37
User229,leestephanie@gmail.com,69
User230,david60@reynolds.org,22
User231,jwoodward@johnson.com,47
User232,millergregory@stanley.com,29
User233,xmorris@gmail.com,37
User234,david68@clay.com,69
User235,richard45@gmail.com,51
User236,pamela04@guzman.com,41
User237,wagnerthomas@obrien.com,26
User238,rmoore@powell-mclaughlin.net,35
User239,llloyd@hotmail.com,45
User240,rcross@henry-bailey.net,66
User241,matthew16@yahoo.com,42
User242,proberts@hotmail.com,36
User243,bryancynthia@hotmail.com,57
User244,donald12@hotmail.com,63
User245,mike17@gmail.com,20
User246,wilsonjoseph@massey-frazier.com,33
User247,paynedean@quinn-garcia.biz,22
User248,omar41@graham.net,30
User249,loganmercado@gmail.com,41
User250,bdonovan@ramos.com,51
User251,jonwilkinson@yahoo.com,45
User252,patriciahenry@yahoo.com,35
User253,blewis@yahoo.com,62
User254,dcowan@wood.com,22
User255,markbrown@walker.com,18
User256,jenniferaustin@crosby-moore.com,19
User257,hughesvanessa@gmail.com,20
User258,uwhitaker@gmail.com,53
User259,katelynphillips@gonzales-dalton.org,57
User260,agutierrez@gmail.com,43
User261,dennistaylor@castillo-moore.biz,45
User262,robert06@taylor.net,18
User263,hernandezronnie@sandoval.net,33
User264,sarajordan@hotmail.com,44
User265,qyoder@lee.com,45
User266,bradley99@gmail.com,41
User267,thomasramirez@gmail.com,27
User268,zmedina@galvan.com,32
User269,steventaylor@duran-perez.com,54
User270,hunteraguirre@campbell-rodriguez.com,36
User271,imarshall@gmail.com,50
User272,zyoung@yahoo.com,55
User273,morenojacob@gmail.com,23
User274,qpacheco@hoffman-banks.info,27
User275,patricia83@simmons-harris.com,22
User276,perezelizabeth@hotmail.com,41
User277,hpitts@norris.com,48
User278,crawfordgabriela@dyer-small.com,66
User279,matthew57@gmail.com,35
User280,jared13@hale-maldonado.net,67
User281,bernard91@yahoo.com,60
User282,paige30@yahoo.com,18
User283,fowlerraymond@hotmail.com,18
User284,ifuentes@yahoo.com,24
User285,jamesnorris@yahoo.com,69
User286,mannchristopher@elliott-ramirez.com,39
User287,asparks@lee.org,24
User288,dwhite@ingram.com,35
User289,stacey83@yahoo.com,68
User290,hhoffman@white.info,70
User291,htaylor@jackson.com,39
User292,davidspencer@cooley.com,66
User293,omcintosh@gmail.com,53
User294,kristin40@yahoo.com,67
User295,stanley95@alvarez.com,32
User296,dbrown@charles.com,67
User297,douglas18@gmail.com,37
User298,baxterzachary@gmail.com,48
User299,jasonharris@hotmail.com,24
User300,michael48@gmail.com,65
User301,mcdonaldpatrick@hotmail.com,24
User302,fischerstephanie@ward-wise.com,30
User303,jeremy34@hotmail.com,29
User304,alexandra32@yahoo.com,61
User305,nguyenbruce@gmail.com,25
User306,scottwiley@gmail.com,29
User307,davidchapman@hotmail.com,36
User308,randynelson@yahoo.com,18
User309,mpayne@williams.com,63
User310,martinezsabrina@robinson.com,23
User311,paulabradshaw@cooper.info,43
User312,victornash@gmail.com,44
User313,qjones@hotmail.com,52
User314,elizabethanderson@king.com,67
User315,igilbert@holmes.com,38
User316,josephcarpenter@yahoo.com,67
User317,nicholedean@gill.org,18
User318,corey58@hotmail.com,65
User319,samuel15@gmail.com,37
User320,ashleypratt@torres-huynh.info,56
User321,hendersonsandra@yahoo.com,58
User322,amandamitchell@yahoo.com,45
User323,bailey47@gmail.com,39
User324,rpennington@barker.com,27
User325,nmueller@patrick.org,46
User326,richardrusso@hoover-mccarthy.com,29
User327,smithmelissa@yahoo.com,28
User328,brady98@mathis.com,58
User329,alexander41@gmail.com,29
User330,grimesmichael@hotmail.com,51
User331,elizabethblanchard@yahoo.com,34
User332,burgesslori@yahoo.com,20
User333,bryanjoshua@vazquez.info,39
User334,zmckenzie@yahoo.com,41
User335,lawrence03@bryant-smith.com,42
User336,marquezalexander@hotmail.com,48
User337,caroline45@harris.net,49
User338,paulmcconnell@le-dodson.biz,59
User339,williamgraham@simmons.com,58
User340,kevinramirez@bishop.org,58
User341,ihaynes@aguilar-brown.info,68
User342,zharris@hotmail.com,57
User343,knightpamela@gmail.com,39
User344,aaron10@hotmail.com,23
User345,fostersusan@hotmail.com,21
User346,swilliams@alexander-mosley.com,42
User347,connie50@hotmail.com,59
User348,timothy38@hotmail.com,39
User349,jessicaberry@moore.com,24
User350,jacobslaurie@lucas-horton.biz,33
User351,chunter@yahoo.com,56
User352,christopher67@hotmail.com,32
User353,adavis@hotmail.com,34
User354,jenniferpowers@gmail.com,68
User355,debrajohnson@brown.com,48
User356,barbaradavidson@hotmail.com,20
User357,philipowens@gmail.com,68
User358,cynthiagreen@daniels-hernandez.com,26
User359,gregmills@chapman.com,42
User360,ogay@foster-carlson.com,35
User361,matthewyoung@yahoo.com,56
User362,yrobbins@young.biz,24
User363,kristingallagher@harris.com,42
User364,perezelizabeth@gmail.com,23
User365,wthompson@glass.org,33
User366,christycompton@hotmail.com,46
User367,laura44@yahoo.com,32
User368,bushrobert@stephens.net,46
User369,shaffermary@hotmail.com,64
User370,scross@hotmail.com,42
User371,camposdaniel@mooney-stone.com,20
User372,sandersdaryl@hotmail.com,18
User373,vasquezpeter@hotmail.com,35
User374,qwilliams@thomas.com,26
User375,aguirreallison@cooper.biz,54
User376,willieaguilar@hotmail.com,38
User377,morsejohn@hotmail.com,44
User378,caitlyn64@russell-walker.org,64
User379,pooledawn@hotmail.com,70
User380,fdunlap@gmail.com,33
User381,jacqueline58@hotmail.com,23
User382,michael50@potter-hernandez.com,38
User383,bonillabrenda@yahoo.com,45
User384,velezdonna@rivera.com,27
User385,gjohnson@gmail.com,48
User386,morgansmith@yahoo.com,37
User387,ikelly@hotmail.com,28
User388,llewis@fischer-garcia.com,24
User389,lisawolfe@hotmail.com,36
User390,molinakevin@hotmail.com,57
User391,kenneth35@barron.com,37
User392,morgancrawford@yahoo.com,46
User393,yjames@mckee.info,45
User394,nblack@morales-porter.com,35
User395,mannmanuel@yahoo.com,63
User396,mary87@yahoo.com,53
User397,fullerdaniel@harper.com,63
User398,kathleen68@white.com,36
User399,stacey26@hansen-coleman.biz,62
User400,johnsonjillian@hotmail.com,48
User401,santanabethany@archer.net,56
User402,olewis@hunter.com,42
User403,yrussell@singleton.net,62
User404,kathykemp@carter-campbell.com,66
User405,gcampbell@morrison.com,26
User406,brownmichael@bailey.net,36
User407,johnsonjessica@hotmail.com,27
User408,michael57@hotmail.com,52
User409,christopherward@west.net,35
User410,onealglen@hamilton-stephens.net,25
User411,kimberly19@yahoo.com,46
User412,karen07@gmail.com,23
User413,tony64@gmail.com,43
User414,miguel04@walls.com,50
User415,woodjeffrey@gmail.com,51
User416,vegakatrina@zamora.org,33
User417,adrienne47@gmail.com,37
User418,markbecker@gmail.com,46
User419,thomas72@gmail.com,50
User420,melaniewang@green-cantrell.org,64
User421,fsalinas@reyes-flores.com,52
User422,lisamcdaniel@gordon.com,31
User423,sschneider@hotmail.com,28
User424,tmontes@hotmail.com,29
User425,matthew78@hotmail.com,47
User426,justin36@brown.net,46
User427,jasminesimmons@oneal.com,23
User428,claytonrichards@gmail.com,52
User429,gregory49@yahoo.com,52
User430,cooperchristie@yahoo.com,59
User431,zlee@hotmail.com,22
User432,littlejerry@gmail.com,68
User433,dwest@hotmail.com,69
User434,mgarza@parker.com,62
User435,grobinson@yahoo.com,51
User436,xcobb@warren.com,43
User437,millerjames@yahoo.com,45
User438,proach@yahoo.com,46
User439,fwilson@hotmail.com,42
User440,scottlopez@gmail.com,43
User441,maryharmon@bryant.info,66
User442,matthew63@manning-forbes.net,48
User443,mdunn@clark.com,46
User444,mmurray@hotmail.com,62
User445,blong@smith-hurst.org,22
User446,kponce@gmail.com,41
User447,eric91@gmail.com,51
User448,edwin25@carter.info,21
User449,donaldramirez@payne.com,27
User450,jamiegutierrez@hotmail.com,30
User451,thomastimothy@rivera-davis.info,60
User452,rhernandez@becker.com,60
User453,jessecooper@yahoo.com,55
User454,ronald77@yahoo.com,67
User455,philipkim@reilly.com,29
User456,patrickmiller@gmail.com,35
User457,alex52@browning.org,59
User458,mark13@stevens-rivera.com,55
User459,emmajohnson@grant-freeman.com,58
User460,marshalldeborah@williams.net,18
User461,kimberly59@gmail.com,36
User462,erik93@hotmail.com,41
User463,istafford@gould.org,23
User464,christineschroeder@hotmail.com,30
User465,combsgeoffrey@williams.com,57
User466,andrew40@perez.org,56
User467,wayne69@yahoo.com,47
User468,jstark@gmail.com,39
User469,nashtravis@hotmail.com,69
User470,wellsmichelle@hotmail.com,23
User471,adiaz@pope-walls.net,19
User472,nbooth@boyd.net,63
User473,justinjones@beasley-gray.com,56
User474,patelmichael@clayton.com,65
User475,qhernandez@gmail.com,63
User476,anitalee@hotmail.com,28
User477,roberthull@johnston.net,51
User478,moralesmark@yahoo.com,50
User479,claudia64@hotmail.com,66
User480,jessemeza@yahoo.com,50
User481,juliefriedman@hotmail.com,24
User482,romerojoy@rice.net,64
User483,ioliver@gmail.com,58
User484,cbarrett@yahoo.com,45
User485,claudia61@yahoo.com,37
User486,marvin13@jackson.com,63
User487,lisabarnett@yahoo.com,41
User488,lorigray@caldwell.net,68
User489,ebrooks@hotmail.com,65
User490,kestrada@gmail.com,62
User491,kingwilliam@morris-norman.biz,38
User492,wigginsstephen@sharp-rose.com,37
User493,rosariojenna@gmail.com,62
User494,dorothy98@yahoo.com,40
User495,ramireztimothy@gmail.com,58
User496,lisa79@thomas.com,21
User497,apeterson@yahoo.com,54
User498,russellgarcia@valencia.com,39
User499,josborne@johnson.com,36
User500,johndavis@nichols-davis.com,19
